Spell,Source book,pg,level,school,Bard,Cleric,Druid,Paladin,Ranger,Sorcerer,Warlock,Wizard,,ranger-only,ranger-druid-only,"ranger-y, druid-y/n",druid-y,,pal-ranger,,
Abi-Dalzimâ€™s Horrid Wilting,EEPC,14,8,Necromancy,TRUE,FALSE,FALSE,FALSE,FALSE,TRUE,FALSE,TRUE,,FALSE,FALSE,FALSE,FALSE,,FALSE,,3
Absorb Elements,XGTE,,1,Abjuration,FALSE,FALSE,TRUE,FALSE,TRUE,TRUE,FALSE,TRUE,,FALSE,FALSE,FALSE,TRUE,,FALSE,,4
Acid Splash,SRD,,0,Conjuration,FALSE,FALSE,FALSE,FALSE,FALSE,TRUE,FALSE,TRUE,,FALSE,FALSE,FALSE,FALSE,,0,,
Aganazzar's Scorcher,EEPC,14,2,Evocation,FALSE,FALSE,FALSE,FALSE,FALSE,TRUE,FALSE,TRUE,,FALSE,FALSE,FALSE,FALSE,,FALSE,,2
Aid,PHB,211,2,Abjuration,FALSE,TRUE,FALSE,TRUE,FALSE,FALSE,FALSE,FALSE,,FALSE,FALSE,FALSE,FALSE,,FALSE,,2
Alarm,PHB,211,1,Abjuration,FALSE,FALSE,FALSE,FALSE,TRUE,FALSE,FALSE,TRUE,,FALSE,FALSE,FALSE,FALSE,,FALSE,,2
Alter Self,SRD,,2,Transmutation,FALSE,FALSE,FALSE,FALSE,FALSE,TRUE,FALSE,TRUE,,FALSE,FALSE,FALSE,FALSE,,FALSE,,2
Animal Friendship,PHB,212,1,Enchantment,TRUE,FALSE,TRUE,TRUE,TRUE,FALSE,FALSE,FALSE,,FALSE,FALSE,FALSE,TRUE,,TRUE,,4
Animal Messenger,PHB,212,2,Enchantment,TRUE,FALSE,TRUE,FALSE,TRUE,FALSE,FALSE,FALSE,,FALSE,FALSE,FALSE,TRUE,,FALSE,,3
Animal Shapes,SRD,,8,Transmutation,FALSE,FALSE,TRUE,FALSE,FALSE,FALSE,FALSE,FALSE,,FALSE,FALSE,FALSE,TRUE,,FALSE,,1
Animate Dead,PHB,212,3,Necromancy,FALSE,TRUE,FALSE,FALSE,FALSE,FALSE,FALSE,TRUE,,FALSE,FALSE,FALSE,FALSE,,FALSE,,2
Animate Objects,SRD,,5,Transmutation,TRUE,FALSE,FALSE,FALSE,FALSE,TRUE,FALSE,TRUE,,FALSE,FALSE,FALSE,FALSE,,FALSE,,3
Antilife Shell,SRD,,5,Abjuration,FALSE,FALSE,TRUE,FALSE,FALSE,FALSE,FALSE,FALSE,,FALSE,FALSE,FALSE,TRUE,,FALSE,,1
Antimagic Field,PHB,213,8,Abjuration,FALSE,TRUE,FALSE,FALSE,FALSE,FALSE,FALSE,TRUE,,FALSE,FALSE,FALSE,FALSE,,FALSE,,2
Antipathy,PHB,214,8,Enchantment,FALSE,FALSE,TRUE,FALSE,FALSE,FALSE,FALSE,TRUE,,FALSE,FALSE,FALSE,TRUE,,FALSE,,2
Antipathy (Sympathy),PHB,214,8,Enchantment,FALSE,FALSE,TRUE,FALSE,FALSE,FALSE,FALSE,TRUE,,FALSE,FALSE,FALSE,TRUE,,FALSE,,2
Arcane Eye,PHB,214,4,Divination,FALSE,FALSE,FALSE,FALSE,FALSE,FALSE,FALSE,TRUE,,FALSE,FALSE,FALSE,FALSE,,FALSE,,1
Arcane Gate,PHB,,6,Conjuration,FALSE,FALSE,FALSE,FALSE,FALSE,TRUE,TRUE,FALSE,,FALSE,FALSE,FALSE,FALSE,,FALSE,,2
Arcane Lock,PHB,215,2,Abjuration,FALSE,FALSE,FALSE,FALSE,FALSE,FALSE,FALSE,TRUE,,FALSE,FALSE,FALSE,FALSE,,FALSE,,1
Armor of Agathys,PHB,215,1,Abjuration,FALSE,FALSE,FALSE,FALSE,FALSE,FALSE,TRUE,FALSE,,FALSE,FALSE,FALSE,FALSE,,FALSE,,1
Arms of Hadar,PHB,,1,Conjuration,FALSE,FALSE,FALSE,FALSE,FALSE,FALSE,TRUE,FALSE,,FALSE,FALSE,FALSE,FALSE,,FALSE,,1
Astral Projection,PHB,215,9,Necromancy,FALSE,TRUE,FALSE,FALSE,FALSE,FALSE,TRUE,TRUE,,FALSE,FALSE,FALSE,FALSE,,FALSE,,3
Augury,PHB,215,2,Divination,FALSE,TRUE,FALSE,FALSE,FALSE,FALSE,FALSE,FALSE,,FALSE,FALSE,FALSE,FALSE,,FALSE,,1
Aura of Life,PHB,,4,Abjuration,FALSE,FALSE,FALSE,TRUE,FALSE,FALSE,FALSE,FALSE,,FALSE,FALSE,FALSE,FALSE,,FALSE,,1
Aura of Purity,PHB,,4,Abjuration,FALSE,FALSE,FALSE,TRUE,FALSE,FALSE,FALSE,FALSE,,FALSE,FALSE,FALSE,FALSE,,FALSE,,1
Aura of Vitality,PHB,,3,Evocation,FALSE,FALSE,FALSE,TRUE,FALSE,FALSE,FALSE,FALSE,,FALSE,FALSE,FALSE,FALSE,,FALSE,,1
Awaken,PHB,216,5,Transmutation,TRUE,FALSE,TRUE,FALSE,FALSE,FALSE,FALSE,FALSE,,FALSE,FALSE,FALSE,TRUE,,FALSE,,2
Bane,PHB,216,1,Enchantment,TRUE,TRUE,FALSE,FALSE,FALSE,FALSE,FALSE,FALSE,,FALSE,FALSE,FALSE,FALSE,,FALSE,,2
Banishing Smite,PHB,,5,Abjuration,FALSE,FALSE,FALSE,TRUE,FALSE,FALSE,FALSE,FALSE,,FALSE,FALSE,FALSE,FALSE,,FALSE,,1
Banishment,PHB,217,4,Abjuration,FALSE,TRUE,FALSE,TRUE,FALSE,TRUE,TRUE,TRUE,,FALSE,FALSE,FALSE,FALSE,,FALSE,,5
Barkskin,PHB,217,2,Transmutation,FALSE,FALSE,TRUE,FALSE,TRUE,FALSE,FALSE,FALSE,,FALSE,TRUE,TRUE,TRUE,,FALSE,,2
Beacon of Hope,SRD,,3,Abjuration,FALSE,TRUE,FALSE,FALSE,FALSE,FALSE,FALSE,FALSE,,FALSE,FALSE,FALSE,FALSE,,FALSE,,1
Beast Bond,EEPC,14,1,Divination,FALSE,FALSE,TRUE,FALSE,TRUE,FALSE,FALSE,FALSE,15,FALSE,TRUE,TRUE,TRUE,,FALSE,,2
Beast Sense,PHB,217,2,Divination,FALSE,FALSE,TRUE,FALSE,TRUE,FALSE,FALSE,FALSE,,,,,,,FALSE,,2
Bestow Curse,SRD,,3,Necromancy,TRUE,TRUE,FALSE,FALSE,FALSE,FALSE,FALSE,TRUE,,FALSE,FALSE,FALSE,FALSE,,FALSE,,3
Bigby's Hand,PHB,218,5,Evocation,FALSE,FALSE,FALSE,FALSE,FALSE,FALSE,FALSE,TRUE,,FALSE,FALSE,FALSE,FALSE,,FALSE,,1
Blade Barrier,SRD,,6,Evocation,FALSE,TRUE,FALSE,FALSE,FALSE,FALSE,FALSE,FALSE,,FALSE,FALSE,FALSE,FALSE,,FALSE,,1
Blade Ward,PHB,,0,Abjuration,TRUE,FALSE,FALSE,FALSE,FALSE,TRUE,FALSE,TRUE,,FALSE,FALSE,FALSE,FALSE,,FALSE,,3
Bless,PHB,219,1,Enchantment,FALSE,TRUE,FALSE,TRUE,FALSE,FALSE,FALSE,FALSE,,FALSE,FALSE,FALSE,FALSE,,FALSE,,2
Blight,SRD,,4,Necromancy,FALSE,FALSE,TRUE,FALSE,FALSE,TRUE,TRUE,TRUE,,FALSE,FALSE,FALSE,TRUE,,FALSE,,4
Blinding Smite,PHB,,3,Evocation,FALSE,FALSE,FALSE,TRUE,FALSE,FALSE,FALSE,FALSE,,FALSE,FALSE,FALSE,FALSE,,FALSE,,1
Blindness/Deafness,SRD,,2,Necromancy,TRUE,TRUE,FALSE,FALSE,FALSE,TRUE,FALSE,TRUE,,FALSE,FALSE,FALSE,FALSE,,FALSE,,4
Blink,SRD,,3,Transmutation,FALSE,FALSE,FALSE,FALSE,FALSE,TRUE,FALSE,TRUE,,FALSE,FALSE,FALSE,FALSE,,FALSE,,2
Blur,SRD,,2,Illusion,FALSE,FALSE,FALSE,FALSE,FALSE,TRUE,FALSE,TRUE,,FALSE,FALSE,FALSE,FALSE,,FALSE,,2
Bones of the Earth,XGTE,,6,Transmutation,FALSE,FALSE,TRUE,FALSE,FALSE,FALSE,FALSE,FALSE,,FALSE,FALSE,FALSE,TRUE,,FALSE,,1
Booming Blade,SCAG,142,0,Evocation,FALSE,FALSE,FALSE,FALSE,FALSE,TRUE,TRUE,TRUE,,FALSE,FALSE,FALSE,FALSE,,FALSE,,3
Branding Smite,SRD,,2,Evocation,FALSE,FALSE,FALSE,TRUE,FALSE,FALSE,FALSE,FALSE,,FALSE,FALSE,FALSE,FALSE,,FALSE,,1
Burning Hands,SRD,,1,Evocation,FALSE,FALSE,FALSE,FALSE,FALSE,TRUE,TRUE,FALSE,,FALSE,FALSE,FALSE,FALSE,,FALSE,,2
Call Lightning,SRD,,3,Conjuration,FALSE,FALSE,TRUE,FALSE,FALSE,FALSE,FALSE,FALSE,,FALSE,FALSE,FALSE,TRUE,,FALSE,,1
Calm Emotions,SRD,,2,Enchantment,TRUE,TRUE,FALSE,FALSE,FALSE,FALSE,FALSE,FALSE,,FALSE,FALSE,FALSE,FALSE,,FALSE,,2
Catapult,XGTE,,1,Transmutation,FALSE,FALSE,FALSE,FALSE,FALSE,TRUE,FALSE,TRUE,,FALSE,FALSE,FALSE,FALSE,,FALSE,,2
Catnap,XGTE,151,3,Enchantment,TRUE,FALSE,FALSE,FALSE,FALSE,TRUE,FALSE,TRUE,,FALSE,FALSE,FALSE,FALSE,,FALSE,,3
Cause Fear,XGTE,,1,Necromancy,FALSE,FALSE,FALSE,FALSE,FALSE,FALSE,TRUE,TRUE,,FALSE,FALSE,FALSE,,,FALSE,,2
Ceremony,XGTE,151,1,Abjuration,FALSE,TRUE,FALSE,TRUE,FALSE,FALSE,FALSE,FALSE,,FALSE,FALSE,FALSE,,,FALSE,,2
Chain Lightning,PHB,221,6,Evocation,FALSE,FALSE,FALSE,FALSE,FALSE,TRUE,FALSE,TRUE,,FALSE,FALSE,FALSE,,,FALSE,,2
Chaos Bolt,XGTE,,1,Evocation,FALSE,FALSE,FALSE,FALSE,FALSE,TRUE,FALSE,FALSE,,FALSE,FALSE,FALSE,,,FALSE,,1
Charm Monster,XGTE,,4,Enchantment,TRUE,FALSE,TRUE,FALSE,FALSE,TRUE,TRUE,TRUE,,FALSE,FALSE,FALSE,,,FALSE,,5
Charm Person,SRD,,1,Enchantment,TRUE,FALSE,TRUE,FALSE,FALSE,TRUE,TRUE,TRUE,,FALSE,FALSE,FALSE,,,FALSE,,5
Chill Touch,SRD,,0,Necromancy,FALSE,FALSE,FALSE,FALSE,FALSE,TRUE,TRUE,TRUE,,FALSE,FALSE,FALSE,,,FALSE,,3
Chromatic Orb,PHB,221,1,Evocation,FALSE,FALSE,FALSE,FALSE,FALSE,TRUE,FALSE,TRUE,,FALSE,FALSE,FALSE,,,FALSE,,2
Circle of Death,PHB,221,6,Necromancy,FALSE,FALSE,FALSE,FALSE,FALSE,TRUE,TRUE,TRUE,,FALSE,FALSE,FALSE,,,FALSE,,3
Circle of Power,PHB,,5,Abjuration,FALSE,FALSE,FALSE,TRUE,FALSE,FALSE,FALSE,FALSE,,FALSE,FALSE,FALSE,,,FALSE,,1
Clairvoyance (Hearing),PHB,222,3,Divination,TRUE,TRUE,FALSE,FALSE,FALSE,TRUE,FALSE,TRUE,,FALSE,FALSE,FALSE,,,FALSE,,4
Clairvoyance (Seeing),PHB,222,3,Divination,TRUE,TRUE,FALSE,FALSE,FALSE,TRUE,FALSE,TRUE,,FALSE,FALSE,FALSE,,,FALSE,,4
Clone,PHB,222,8,Necromancy,FALSE,FALSE,FALSE,FALSE,FALSE,FALSE,FALSE,TRUE,,FALSE,FALSE,FALSE,,,FALSE,,1
Cloud of Daggers,PHB,222,2,Conjuration,TRUE,FALSE,FALSE,FALSE,FALSE,TRUE,TRUE,TRUE,,FALSE,FALSE,FALSE,,,FALSE,,4
Cloudkill,SRD,,5,Conjuration,FALSE,FALSE,FALSE,FALSE,FALSE,TRUE,FALSE,TRUE,,FALSE,FALSE,FALSE,,,FALSE,,2
Color Spray,PHB,222,1,Illusion,FALSE,FALSE,FALSE,FALSE,FALSE,TRUE,FALSE,TRUE,,FALSE,FALSE,FALSE,,,FALSE,,2
Command,SRD,,1,Enchantment,TRUE,FALSE,FALSE,TRUE,FALSE,FALSE,FALSE,FALSE,,FALSE,FALSE,FALSE,,,FALSE,,2
Commune,PHB,223,5,Divination,FALSE,TRUE,FALSE,FALSE,FALSE,FALSE,FALSE,FALSE,,FALSE,FALSE,FALSE,,,FALSE,,1
Commune with Nature,,,5,Divination,FALSE,FALSE,TRUE,FALSE,TRUE,FALSE,FALSE,FALSE,,FALSE,TRUE,TRUE,TRUE,,FALSE,,2
Compelled Duel,PHB,,1,Enchantment,FALSE,FALSE,FALSE,TRUE,FALSE,FALSE,FALSE,FALSE,,FALSE,FALSE,FALSE,,,FALSE,,1
Comprehend Languages,PHB,224,1,Divination,TRUE,FALSE,FALSE,FALSE,FALSE,TRUE,TRUE,TRUE,,FALSE,FALSE,FALSE,,,FALSE,,4
Compulsion,SRD,,4,Enchantment,TRUE,FALSE,FALSE,FALSE,FALSE,FALSE,FALSE,FALSE,,FALSE,FALSE,FALSE,,,FALSE,,1
Cone of Cold,PHB,224,5,Evocation,FALSE,FALSE,FALSE,FALSE,FALSE,TRUE,FALSE,TRUE,,FALSE,FALSE,FALSE,,,FALSE,,2
Confusion,PHB,224,4,Enchantment,TRUE,FALSE,TRUE,FALSE,FALSE,TRUE,FALSE,TRUE,,FALSE,FALSE,FALSE,,,FALSE,,4
Conjure Animals,SRD,,3,Conjuration,FALSE,FALSE,TRUE,FALSE,TRUE,FALSE,FALSE,FALSE,,FALSE,TRUE,TRUE,TRUE,,FALSE,,2
Conjure Barrage,PHB,225,3,Conjuration,FALSE,FALSE,FALSE,FALSE,TRUE,FALSE,FALSE,FALSE,,TRUE,FALSE,TRUE,,,FALSE,,1
Conjure Celestial,SRD,,7,Conjuration,FALSE,TRUE,FALSE,FALSE,FALSE,FALSE,FALSE,FALSE,,FALSE,FALSE,FALSE,,,FALSE,,1
Conjure Elemental (Air),PHB,225,5,Conjuration,FALSE,FALSE,TRUE,FALSE,FALSE,FALSE,FALSE,TRUE,,FALSE,FALSE,FALSE,,,FALSE,,2
Conjure Elemental (Earth),PHB,225,5,Conjuration,FALSE,FALSE,TRUE,FALSE,FALSE,FALSE,FALSE,TRUE,,FALSE,FALSE,FALSE,,,FALSE,,2
Conjure Elemental (Fire),PHB,225,5,Conjuration,FALSE,FALSE,TRUE,FALSE,FALSE,FALSE,FALSE,TRUE,,FALSE,FALSE,FALSE,,,FALSE,,2
Conjure Elemental (Water),PHB,225,5,Conjuration,FALSE,FALSE,TRUE,FALSE,FALSE,FALSE,FALSE,TRUE,,FALSE,FALSE,FALSE,,,FALSE,,2
Conjure Fey,SRD,,6,Conjuration,FALSE,FALSE,TRUE,FALSE,FALSE,FALSE,TRUE,FALSE,,FALSE,FALSE,FALSE,,,FALSE,,2
Conjure Minor Elementals,SRD,,4,Conjuration,FALSE,FALSE,TRUE,FALSE,FALSE,FALSE,TRUE,FALSE,,FALSE,FALSE,FALSE,,,FALSE,,2
Conjure Volley,PHB,226,5,Conjuration,FALSE,FALSE,FALSE,FALSE,TRUE,FALSE,FALSE,FALSE,,TRUE,FALSE,TRUE,FALSE,,FALSE,,1
Conjure Woodland Beings,PHB,226,4,Conjuration,FALSE,FALSE,TRUE,FALSE,TRUE,FALSE,FALSE,FALSE,,FALSE,TRUE,TRUE,TRUE,,FALSE,,2
Contact Other Plane,SRD,,5,Divination,FALSE,FALSE,FALSE,FALSE,FALSE,FALSE,TRUE,TRUE,,FALSE,FALSE,FALSE,,,FALSE,,2
Contagion,SRD,,5,Necromancy,FALSE,TRUE,TRUE,FALSE,FALSE,FALSE,FALSE,FALSE,,FALSE,FALSE,FALSE,,,FALSE,,2
Contingency,PHB,227,6,Evocation,FALSE,FALSE,FALSE,FALSE,FALSE,FALSE,FALSE,TRUE,,FALSE,FALSE,FALSE,,,FALSE,,1
Continual Flame,PHB,227,2,Evocation,FALSE,TRUE,FALSE,FALSE,FALSE,FALSE,FALSE,TRUE,,FALSE,FALSE,FALSE,,,FALSE,,2
Control Flames,XGTE,,0,Transmutation,FALSE,FALSE,TRUE,FALSE,FALSE,TRUE,FALSE,TRUE,,FALSE,FALSE,FALSE,,,FALSE,,3
Control Water,PHB,227,4,Transmutation,FALSE,TRUE,TRUE,FALSE,FALSE,FALSE,FALSE,TRUE,,FALSE,FALSE,FALSE,,,FALSE,,3
Control Weather,PHB,228,8,Transmutation,FALSE,TRUE,TRUE,FALSE,FALSE,FALSE,FALSE,TRUE,,FALSE,FALSE,FALSE,,,FALSE,,3
Control Winds,XGTE,,5,Transmutation,FALSE,FALSE,TRUE,FALSE,FALSE,TRUE,FALSE,TRUE,,FALSE,FALSE,FALSE,,,FALSE,,3
Cordon of Arrows,PHB,228,2,Transmutation,FALSE,FALSE,FALSE,FALSE,TRUE,FALSE,FALSE,FALSE,,TRUE,FALSE,TRUE,FALSE,,FALSE,,1
Counterspell,SRD,,3,Abjuration,FALSE,FALSE,FALSE,FALSE,FALSE,TRUE,TRUE,TRUE,,FALSE,FALSE,FALSE,,,FALSE,,3
Create Bonfire,XGTE,,0,Conjuration,FALSE,FALSE,TRUE,FALSE,FALSE,TRUE,TRUE,TRUE,,FALSE,FALSE,FALSE,,,FALSE,,4
Create Food and Water,PHB,229,3,Conjuration,FALSE,TRUE,FALSE,TRUE,FALSE,FALSE,FALSE,FALSE,,FALSE,FALSE,FALSE,,,FALSE,,2
Create Homonculus,XGTE,152,6,Transmutation,FALSE,FALSE,FALSE,FALSE,FALSE,FALSE,FALSE,TRUE,,FALSE,FALSE,FALSE,,,FALSE,,1
Create Undead,PHB,229,6,Necromancy,FALSE,TRUE,FALSE,FALSE,FALSE,FALSE,TRUE,TRUE,,FALSE,FALSE,FALSE,,,FALSE,,3
Create/Destroy Water (Destroy),PHB,229,1,Conjuration,FALSE,TRUE,TRUE,FALSE,FALSE,FALSE,FALSE,FALSE,,FALSE,FALSE,FALSE,,,FALSE,,2
Creation,PHB,229,5,Illusion,FALSE,FALSE,FALSE,FALSE,FALSE,TRUE,FALSE,TRUE,,FALSE,FALSE,FALSE,,,FALSE,,2
Crown of Madness,PHB,,2,Enchantment,TRUE,FALSE,FALSE,FALSE,FALSE,TRUE,TRUE,TRUE,,FALSE,FALSE,FALSE,,,FALSE,,4
Crown of Stars,XGTE,,7,Evocation,FALSE,FALSE,FALSE,FALSE,FALSE,FALSE,TRUE,TRUE,,FALSE,FALSE,FALSE,,,FALSE,,2
Crusader's Mantle,PHB,,3,Evocation,FALSE,FALSE,FALSE,TRUE,FALSE,FALSE,FALSE,FALSE,,FALSE,FALSE,FALSE,,,FALSE,,1
Cure Wounds,SRD,,1,Evocation,TRUE,TRUE,TRUE,TRUE,TRUE,FALSE,FALSE,FALSE,,FALSE,FALSE,FALSE,,,TRUE,,5
Dancing Lights,PHB,230,0,Evocation,TRUE,FALSE,FALSE,FALSE,FALSE,TRUE,FALSE,TRUE,,FALSE,FALSE,FALSE,,,FALSE,,3
Danse Macabre,XGTE,,5,Necromancy,FALSE,FALSE,FALSE,FALSE,FALSE,FALSE,TRUE,TRUE,,FALSE,FALSE,FALSE,,,FALSE,,2
Darkness,PHB,230,2,Evocation,FALSE,FALSE,FALSE,FALSE,FALSE,TRUE,TRUE,TRUE,,FALSE,FALSE,FALSE,,,FALSE,,3
Darkvision,PHB,230,2,Transmutation,FALSE,FALSE,TRUE,FALSE,TRUE,TRUE,FALSE,TRUE,,FALSE,FALSE,FALSE,,,FALSE,,4
Dawn,XGTE,153,5,Evocation,FALSE,TRUE,FALSE,FALSE,FALSE,FALSE,FALSE,TRUE,,FALSE,FALSE,FALSE,,,FALSE,,2
Daylight,SRD,,3,Evocation,FALSE,TRUE,TRUE,TRUE,TRUE,TRUE,FALSE,FALSE,,FALSE,FALSE,FALSE,,,TRUE,,5
Death Ward,SRD,,4,Abjuration,FALSE,TRUE,FALSE,TRUE,FALSE,FALSE,FALSE,FALSE,,FALSE,FALSE,FALSE,,,FALSE,,2
Delayed Blast Fireball,PHB,230,7,Evocation,FALSE,FALSE,FALSE,FALSE,FALSE,TRUE,FALSE,TRUE,,FALSE,FALSE,FALSE,,,FALSE,,2
Demiplane,SRD,,8,Conjuration,FALSE,FALSE,FALSE,FALSE,FALSE,FALSE,TRUE,TRUE,,FALSE,FALSE,FALSE,,,FALSE,,2
Destructive Wave,PHB,,5,Evocation,FALSE,FALSE,FALSE,TRUE,FALSE,FALSE,FALSE,FALSE,,FALSE,FALSE,FALSE,,,FALSE,,1
Detect Evil and Good,SRD,,1,Divination,FALSE,TRUE,FALSE,TRUE,FALSE,FALSE,FALSE,FALSE,,FALSE,FALSE,FALSE,,,FALSE,,2
Detect Magic,SRD,,1,Divination,TRUE,TRUE,TRUE,TRUE,TRUE,TRUE,FALSE,TRUE,,FALSE,FALSE,FALSE,TRUE,,TRUE,,7
Detect Poison and Disease,PHB,231,1,Divination,FALSE,TRUE,TRUE,TRUE,TRUE,FALSE,FALSE,FALSE,,FALSE,FALSE,FALSE,,,TRUE,,4
Detect Thoughts,PHB,231,2,Divination,TRUE,FALSE,FALSE,FALSE,FALSE,TRUE,FALSE,TRUE,,FALSE,FALSE,FALSE,,,FALSE,,3
Dimension Door,SRD,,4,Conjuration,TRUE,FALSE,FALSE,FALSE,FALSE,TRUE,TRUE,TRUE,,FALSE,FALSE,FALSE,,,FALSE,,4
Disguise Self,SRD,,1,Illusion,TRUE,FALSE,FALSE,FALSE,FALSE,TRUE,FALSE,TRUE,,FALSE,FALSE,FALSE,,,FALSE,,3
Disintegrate,PHB,233,6,Transmutation,FALSE,FALSE,FALSE,FALSE,FALSE,TRUE,FALSE,TRUE,,FALSE,FALSE,FALSE,,,FALSE,,2
Dispel Evil,PHB,233,5,Abjuration,FALSE,TRUE,FALSE,TRUE,FALSE,FALSE,FALSE,FALSE,,FALSE,FALSE,FALSE,,,FALSE,,2
Dispel Good,PHB,233,5,Abjuration,FALSE,TRUE,FALSE,TRUE,FALSE,FALSE,FALSE,FALSE,,FALSE,FALSE,FALSE,,,FALSE,,2
Dispel Magic,SRD,,3,Abjuration,TRUE,TRUE,TRUE,TRUE,FALSE,TRUE,TRUE,TRUE,,FALSE,FALSE,FALSE,TRUE,,FALSE,,7
Dissonant Whispers,PHB,,1,Enchantment,TRUE,FALSE,FALSE,FALSE,FALSE,FALSE,FALSE,FALSE,,FALSE,FALSE,FALSE,,,FALSE,,1
Divination,PHB,234,4,Divination,FALSE,TRUE,FALSE,FALSE,FALSE,FALSE,FALSE,FALSE,,FALSE,FALSE,FALSE,,,FALSE,,1
Divine Favor,SRD,,1,Evocation,FALSE,FALSE,FALSE,TRUE,FALSE,FALSE,FALSE,FALSE,,FALSE,FALSE,FALSE,,,FALSE,,1
Divine Word,SRD,,7,Evocation,FALSE,TRUE,FALSE,FALSE,FALSE,FALSE,FALSE,FALSE,,FALSE,FALSE,FALSE,,,FALSE,,1
Dominate Beast,SRD,,4,Enchantment,FALSE,FALSE,TRUE,FALSE,FALSE,TRUE,FALSE,FALSE,,FALSE,FALSE,FALSE,,,FALSE,,2
Dominate Monster,SRD,,8,Enchantment,TRUE,FALSE,FALSE,FALSE,FALSE,TRUE,TRUE,TRUE,,FALSE,FALSE,FALSE,,,FALSE,,4
Dominate Person,SRD,,5,Enchantment,TRUE,FALSE,FALSE,FALSE,FALSE,TRUE,FALSE,TRUE,,FALSE,FALSE,FALSE,,,FALSE,,3
Dragon's Breath,XGTE,154,2,Transmutation,FALSE,FALSE,FALSE,FALSE,FALSE,TRUE,FALSE,TRUE,,FALSE,FALSE,FALSE,,,FALSE,,2
Drawmij's Instant Summons,PHB,235,6,Conjuration,FALSE,FALSE,FALSE,FALSE,FALSE,FALSE,FALSE,TRUE,,FALSE,FALSE,FALSE,,,FALSE,,1
Dream,PHB,236,5,Illusion,TRUE,FALSE,FALSE,FALSE,FALSE,FALSE,TRUE,TRUE,,FALSE,FALSE,FALSE,,,FALSE,,3
Druid Grove,XGTE,154,6,Abjuration,FALSE,FALSE,TRUE,FALSE,FALSE,FALSE,FALSE,FALSE,,FALSE,FALSE,FALSE,,,FALSE,,1
Druidcraft,SRD,,0,Transmutation,FALSE,FALSE,TRUE,FALSE,FALSE,FALSE,FALSE,FALSE,,FALSE,FALSE,FALSE,,,FALSE,,1
Dust Devil,EEPC,16,2,Conjuration,FALSE,FALSE,TRUE,FALSE,FALSE,TRUE,FALSE,TRUE,,FALSE,FALSE,FALSE,,,FALSE,,3
Earth Tremor,XGTE,,5,Evocation,TRUE,FALSE,TRUE,FALSE,FALSE,TRUE,FALSE,TRUE,,FALSE,FALSE,FALSE,,,FALSE,,4
Earthbind,XGTE,,2,Transmutation,FALSE,FALSE,TRUE,FALSE,FALSE,TRUE,TRUE,TRUE,,FALSE,FALSE,FALSE,,,FALSE,,4
Earthquake,PHB,236,8,Evocation,FALSE,TRUE,TRUE,FALSE,FALSE,TRUE,FALSE,FALSE,,FALSE,FALSE,FALSE,,,FALSE,,3
Eldritch Blast,SRD,,0,Evocation,FALSE,FALSE,FALSE,FALSE,FALSE,FALSE,TRUE,FALSE,,FALSE,FALSE,FALSE,,,FALSE,,1
Elemental Bane,XGTE,,4,Transmutation,FALSE,FALSE,TRUE,FALSE,FALSE,FALSE,TRUE,TRUE,,FALSE,FALSE,FALSE,,,FALSE,,3
Elemental Weapon,PHB,,3,Transmutation,FALSE,FALSE,FALSE,TRUE,FALSE,FALSE,FALSE,FALSE,,FALSE,FALSE,FALSE,,,FALSE,,1
Enemies Abound,XGTE,,3,Enchantment,TRUE,FALSE,FALSE,FALSE,FALSE,TRUE,TRUE,TRUE,,FALSE,FALSE,FALSE,,,FALSE,,4
Enervation,XGTE,,5,Necromancy,FALSE,FALSE,FALSE,FALSE,FALSE,TRUE,TRUE,TRUE,,FALSE,FALSE,FALSE,,,FALSE,,3
Enhance Ability,PHB,237,2,Transmutation,TRUE,TRUE,TRUE,FALSE,FALSE,TRUE,FALSE,FALSE,,FALSE,FALSE,FALSE,,,FALSE,,4
Enlarge/Reduce,PHB,237,2,Transmutation,FALSE,FALSE,FALSE,FALSE,FALSE,TRUE,FALSE,TRUE,,FALSE,FALSE,FALSE,,,FALSE,,2
Ensnaring Strike,PHB,,1,Conjuration,FALSE,FALSE,FALSE,FALSE,TRUE,FALSE,FALSE,FALSE,,TRUE,FALSE,TRUE,FALSE,,FALSE,,1
Entangle,SRD,,1,Conjuration,FALSE,FALSE,TRUE,FALSE,FALSE,FALSE,FALSE,FALSE,,FALSE,FALSE,FALSE,,,FALSE,,1
Enthrall,SRD,,2,Enchantment,TRUE,FALSE,FALSE,FALSE,FALSE,FALSE,TRUE,FALSE,,FALSE,FALSE,FALSE,,,FALSE,,2
Erupting Earth,EEPC,16,3,Transmutation,FALSE,FALSE,TRUE,FALSE,FALSE,TRUE,FALSE,TRUE,,FALSE,FALSE,FALSE,,,FALSE,,3
Etherealness,SRD,,7,Transmutation,TRUE,TRUE,FALSE,FALSE,FALSE,TRUE,TRUE,TRUE,,FALSE,FALSE,FALSE,,,FALSE,,5
Evard's Black Tentacles,PHB,248,4,Conjuration,FALSE,FALSE,FALSE,FALSE,FALSE,FALSE,FALSE,TRUE,,FALSE,FALSE,FALSE,,,FALSE,,1
Expeditious Retreat,SRD,,1,Transmutation,FALSE,FALSE,FALSE,FALSE,FALSE,TRUE,TRUE,TRUE,,FALSE,FALSE,FALSE,,,FALSE,,3
Eyebite,SRD,,6,Necromancy,TRUE,FALSE,FALSE,FALSE,FALSE,TRUE,TRUE,TRUE,,FALSE,FALSE,FALSE,,,FALSE,,4
Fabricate,SRD,,4,Transmutation,FALSE,FALSE,FALSE,FALSE,FALSE,FALSE,FALSE,TRUE,,FALSE,FALSE,FALSE,,,FALSE,,1
Faerie Fire,SRD,,1,Evocation,TRUE,FALSE,TRUE,FALSE,FALSE,FALSE,FALSE,FALSE,,FALSE,FALSE,FALSE,,,FALSE,,2
False Life,PHB,239,1,Necromancy,FALSE,FALSE,FALSE,FALSE,FALSE,TRUE,FALSE,TRUE,,FALSE,FALSE,FALSE,,,FALSE,,2
Far Step,XGTE,,5,Conjuration,FALSE,FALSE,FALSE,FALSE,FALSE,TRUE,TRUE,TRUE,,FALSE,FALSE,FALSE,,,FALSE,,3
Fear,PHB,239,3,Illusion,TRUE,FALSE,FALSE,FALSE,FALSE,TRUE,TRUE,TRUE,,FALSE,FALSE,FALSE,,,FALSE,,4
Feather Fall,PHB,239,1,Transmutation,TRUE,FALSE,FALSE,FALSE,FALSE,TRUE,FALSE,TRUE,,FALSE,FALSE,FALSE,,,FALSE,,3
Feeblemind,PHB,239,8,Enchantment,TRUE,FALSE,TRUE,FALSE,FALSE,FALSE,TRUE,TRUE,,FALSE,FALSE,FALSE,,,FALSE,,4
Feign Death,PHB,240,3,Necromancy,TRUE,TRUE,TRUE,FALSE,FALSE,FALSE,FALSE,TRUE,,FALSE,FALSE,FALSE,,,FALSE,,4
Find Familiar,PHB,240,1,Conjuration,FALSE,FALSE,FALSE,FALSE,FALSE,FALSE,FALSE,TRUE,,FALSE,FALSE,FALSE,,,FALSE,,1
Find Greater Steed,XGTE,,4,Conjuration,FALSE,FALSE,FALSE,TRUE,FALSE,FALSE,FALSE,FALSE,,FALSE,FALSE,FALSE,,,FALSE,,1
Find Steed,SRD,,2,Conjuration,FALSE,FALSE,FALSE,TRUE,FALSE,FALSE,FALSE,FALSE,,FALSE,FALSE,FALSE,,,FALSE,,1
Find the Path,PHB,240,6,Divination,TRUE,TRUE,TRUE,FALSE,FALSE,FALSE,FALSE,FALSE,,FALSE,FALSE,FALSE,,,FALSE,,3
Find Traps,SRD,,2,Divination,FALSE,TRUE,TRUE,FALSE,TRUE,FALSE,FALSE,FALSE,,FALSE,FALSE,FALSE,,,FALSE,,3
Finger of Death,SRD,,7,Necromancy,FALSE,FALSE,FALSE,FALSE,FALSE,TRUE,TRUE,TRUE,,FALSE,FALSE,FALSE,,,FALSE,,3
Fire Bolt,SRD,,0,Evocation,FALSE,FALSE,FALSE,FALSE,FALSE,TRUE,FALSE,TRUE,,FALSE,FALSE,FALSE,,,FALSE,,2
Fire Shield,PHB,242,4,Evocation,FALSE,FALSE,FALSE,FALSE,FALSE,FALSE,FALSE,TRUE,,FALSE,FALSE,FALSE,,,FALSE,,1
Fire Storm,SRD,,7,Evocation,FALSE,TRUE,TRUE,FALSE,FALSE,TRUE,FALSE,FALSE,,FALSE,FALSE,FALSE,,,FALSE,,3
Fireball,PHB,241,3,Evocation,FALSE,FALSE,FALSE,FALSE,FALSE,TRUE,FALSE,TRUE,,FALSE,FALSE,FALSE,,,FALSE,,2
Flame Arrows,XGTE,,3,Transmutation,FALSE,FALSE,TRUE,FALSE,TRUE,TRUE,FALSE,TRUE,,FALSE,FALSE,FALSE,,,FALSE,,4
Flame Blade,PHB,242,2,Evocation,FALSE,FALSE,TRUE,FALSE,FALSE,FALSE,FALSE,FALSE,,FALSE,FALSE,FALSE,,,FALSE,,1
Flame Strike,PHB,242,5,Evocation,FALSE,TRUE,FALSE,FALSE,FALSE,FALSE,FALSE,FALSE,,FALSE,FALSE,FALSE,,,FALSE,,1
Flaming Sphere,PHB,242,2,Conjuration,FALSE,FALSE,TRUE,FALSE,FALSE,FALSE,FALSE,TRUE,,FALSE,FALSE,FALSE,,,FALSE,,2
Flesh to Stone,PHB,243,6,Transmutation,FALSE,FALSE,FALSE,FALSE,FALSE,FALSE,TRUE,TRUE,,FALSE,FALSE,FALSE,,,FALSE,,2
Fly,PHB,243,3,Transmutation,FALSE,FALSE,FALSE,FALSE,FALSE,TRUE,TRUE,TRUE,,FALSE,FALSE,FALSE,,,FALSE,,3
Fog Cloud,SRD,,1,Conjuration,FALSE,FALSE,TRUE,FALSE,TRUE,TRUE,FALSE,TRUE,,FALSE,FALSE,FALSE,,,FALSE,,4
Forbiddance,PHB,243,6,Abjuration,FALSE,TRUE,FALSE,FALSE,FALSE,FALSE,FALSE,FALSE,,FALSE,FALSE,FALSE,,,FALSE,,1
Forcecage,PHB,243,7,Evocation,TRUE,FALSE,FALSE,FALSE,FALSE,FALSE,TRUE,TRUE,,FALSE,FALSE,FALSE,,,FALSE,,3
Foresight,PHB,244,9,Divination,TRUE,FALSE,TRUE,FALSE,FALSE,FALSE,TRUE,TRUE,,FALSE,FALSE,FALSE,,,FALSE,,4
Freedom of Movement,PHB,244,4,Abjuration,TRUE,TRUE,TRUE,FALSE,TRUE,FALSE,FALSE,FALSE,,FALSE,FALSE,FALSE,,,FALSE,,4
Friends,PHB,244,0,Enchantment,TRUE,FALSE,FALSE,FALSE,FALSE,TRUE,TRUE,TRUE,,FALSE,FALSE,FALSE,,,FALSE,,4
Frostbite,XGTE,,0,Evocation,FALSE,FALSE,TRUE,FALSE,FALSE,TRUE,TRUE,TRUE,,FALSE,FALSE,FALSE,,,FALSE,,4
Gaseous Form,PHB,244,3,Transmutation,FALSE,FALSE,FALSE,FALSE,FALSE,TRUE,TRUE,TRUE,,FALSE,FALSE,FALSE,,,FALSE,,3
Gate,PHB,224,9,Conjuration,FALSE,TRUE,FALSE,FALSE,FALSE,TRUE,FALSE,TRUE,,FALSE,FALSE,FALSE,,,FALSE,,3
Geas,SRD,,5,Enchantment,TRUE,TRUE,TRUE,TRUE,FALSE,FALSE,FALSE,TRUE,,FALSE,FALSE,FALSE,TRUE,,FALSE,,5
Gentle Repose,PHB,245,2,Necromancy,FALSE,TRUE,FALSE,FALSE,FALSE,FALSE,FALSE,TRUE,,FALSE,FALSE,FALSE,,,FALSE,,2
Giant Insect,SRD,,4,Transmutation,FALSE,FALSE,TRUE,FALSE,FALSE,FALSE,FALSE,FALSE,,FALSE,FALSE,FALSE,,,FALSE,,1
Glibness,SRD,,8,Transmutation,TRUE,FALSE,FALSE,FALSE,FALSE,FALSE,TRUE,FALSE,,FALSE,FALSE,FALSE,,,FALSE,,2
Globe of Invulnerability,PHB,245,6,Abjuration,FALSE,FALSE,FALSE,FALSE,FALSE,TRUE,FALSE,TRUE,,FALSE,FALSE,FALSE,,,FALSE,,2
Glyph of Warding,PHB,245,3,Abjuration,TRUE,TRUE,FALSE,FALSE,FALSE,FALSE,FALSE,TRUE,,FALSE,FALSE,FALSE,,,FALSE,,3
Goodberry,PHB,246,1,Transmutation,FALSE,FALSE,TRUE,FALSE,TRUE,FALSE,FALSE,FALSE,,FALSE,TRUE,TRUE,TRUE,,FALSE,,2
Grasping Vine,PHB,,4,Conjuration,FALSE,FALSE,TRUE,FALSE,TRUE,FALSE,FALSE,FALSE,,FALSE,TRUE,TRUE,TRUE,,FALSE,,2
Grease,PHB,246,1,Conjuration,FALSE,FALSE,FALSE,FALSE,FALSE,FALSE,FALSE,TRUE,,FALSE,FALSE,FALSE,,,FALSE,,1
Greater Invisibility,SRD,,4,Illusion,TRUE,FALSE,FALSE,FALSE,FALSE,TRUE,FALSE,TRUE,,FALSE,FALSE,FALSE,,,FALSE,,3
Greater Restoration,PHB,246,5,Abjuration,TRUE,TRUE,TRUE,FALSE,FALSE,FALSE,FALSE,FALSE,,FALSE,FALSE,FALSE,,,FALSE,,3
Guardian of Faith,SRD,,4,Conjuration,FALSE,TRUE,FALSE,FALSE,FALSE,FALSE,FALSE,FALSE,,FALSE,FALSE,FALSE,,,FALSE,,1
Guardian of Nature,XGTE,,4,Transmutation,FALSE,FALSE,TRUE,FALSE,TRUE,FALSE,FALSE,FALSE,,FALSE,TRUE,TRUE,TRUE,,FALSE,,2
Guards and Wards,PHB,248,6,Abjuration,TRUE,FALSE,FALSE,FALSE,FALSE,FALSE,FALSE,TRUE,,FALSE,FALSE,FALSE,,,FALSE,,2
Guidance,SRD,,0,Divination,FALSE,TRUE,TRUE,FALSE,FALSE,FALSE,FALSE,FALSE,,FALSE,FALSE,FALSE,,,FALSE,,2
Guiding Bolt,SRD,,1,Evocation,FALSE,TRUE,FALSE,FALSE,FALSE,FALSE,FALSE,FALSE,,FALSE,FALSE,FALSE,,,FALSE,,1
Gust,XGTE,,0,Transmutation,FALSE,FALSE,TRUE,FALSE,FALSE,TRUE,FALSE,TRUE,,FALSE,FALSE,FALSE,,,FALSE,,3
Gust of Wind,PHB,248,2,Evocation,FALSE,FALSE,TRUE,FALSE,FALSE,TRUE,FALSE,TRUE,,FALSE,FALSE,FALSE,,,FALSE,,3
Hail of Thorns,PHB,,1,Conjuration,FALSE,FALSE,FALSE,FALSE,TRUE,FALSE,FALSE,FALSE,,TRUE,FALSE,TRUE,FALSE,,FALSE,,1
Hallow,PHB,249,5,Evocation,FALSE,TRUE,FALSE,FALSE,FALSE,FALSE,FALSE,FALSE,,FALSE,FALSE,FALSE,,,FALSE,,1
Hallucinatory Terrain,PHB,249,4,Illusion,TRUE,FALSE,TRUE,FALSE,FALSE,FALSE,TRUE,TRUE,,FALSE,FALSE,FALSE,,,FALSE,,4
Harm,SRD,,6,Necromancy,FALSE,TRUE,FALSE,FALSE,FALSE,FALSE,FALSE,FALSE,,FALSE,FALSE,FALSE,,,FALSE,,1
Haste,PHB,250,3,Transmutation,FALSE,FALSE,FALSE,FALSE,FALSE,TRUE,FALSE,TRUE,,FALSE,FALSE,FALSE,,,FALSE,,2
Heal,SRD,,6,Evocation,FALSE,TRUE,TRUE,FALSE,FALSE,FALSE,FALSE,FALSE,,FALSE,FALSE,FALSE,,,FALSE,,2
Healing Spirit,XGTE,,2,Conjuration,FALSE,FALSE,TRUE,FALSE,TRUE,FALSE,FALSE,FALSE,,FALSE,TRUE,TRUE,TRUE,,FALSE,,2
Healing Word,SRD,,1,Evocation,TRUE,TRUE,TRUE,FALSE,FALSE,FALSE,FALSE,FALSE,,FALSE,FALSE,FALSE,,,FALSE,,3
Heat Metal,PHB,250,2,Transmutation,TRUE,FALSE,TRUE,FALSE,FALSE,FALSE,FALSE,FALSE,,FALSE,FALSE,FALSE,,,FALSE,,2
Hellish Rebuke,SRD,,1,Evocation,FALSE,FALSE,FALSE,FALSE,FALSE,FALSE,TRUE,FALSE,,FALSE,FALSE,FALSE,,,FALSE,,1
Heroes' Feast,PHB,250,6,Conjuration,FALSE,TRUE,TRUE,FALSE,FALSE,FALSE,FALSE,FALSE,,FALSE,FALSE,FALSE,,,FALSE,,2
Heroism,SRD,,1,Enchantment,TRUE,FALSE,FALSE,TRUE,FALSE,FALSE,FALSE,FALSE,,FALSE,FALSE,FALSE,,,FALSE,,2
Hex,PHB,251,1,Enchantment,FALSE,FALSE,FALSE,FALSE,FALSE,FALSE,TRUE,FALSE,,FALSE,FALSE,FALSE,,,FALSE,,1
Hold Monster,PHB,251,5,Enchantment,TRUE,FALSE,FALSE,FALSE,FALSE,TRUE,TRUE,TRUE,,FALSE,FALSE,FALSE,,,FALSE,,4
Hold Person,PHB,251,1,Enchantment,TRUE,TRUE,TRUE,FALSE,FALSE,TRUE,TRUE,TRUE,,FALSE,FALSE,FALSE,,,FALSE,,6
Holy Aura,PHB,281,8,Abjuration,FALSE,TRUE,FALSE,FALSE,FALSE,FALSE,FALSE,FALSE,,FALSE,FALSE,FALSE,,,FALSE,,1
Holy Weapon,XGTE,,5,Evocation,FALSE,TRUE,FALSE,FALSE,FALSE,FALSE,FALSE,FALSE,,FALSE,FALSE,FALSE,,,FALSE,,1
Hunger of Hadar,PHB,251,3,Conjuration,FALSE,FALSE,FALSE,FALSE,FALSE,FALSE,TRUE,FALSE,,FALSE,FALSE,FALSE,,,FALSE,,1
Hunter's Mark,SRD,,1,Divination,FALSE,FALSE,FALSE,FALSE,TRUE,FALSE,FALSE,FALSE,,TRUE,FALSE,TRUE,FALSE,,FALSE,,1
Hypnotic Pattern,PHB,252,3,Illusion,TRUE,FALSE,FALSE,FALSE,FALSE,TRUE,TRUE,TRUE,,FALSE,FALSE,FALSE,,,FALSE,,4
Ice Knife (or as ice),EEPC,18,1,Conjuration,FALSE,FALSE,TRUE,FALSE,FALSE,TRUE,FALSE,TRUE,,FALSE,FALSE,FALSE,,,FALSE,,3
Ice Knife (or as Water),EEPC,18,1,Conjuration,FALSE,FALSE,TRUE,FALSE,FALSE,TRUE,FALSE,TRUE,,FALSE,FALSE,FALSE,,,FALSE,,3
Ice Storm,PHB,252,4,Evocation,FALSE,FALSE,TRUE,FALSE,FALSE,TRUE,FALSE,TRUE,,FALSE,FALSE,FALSE,,,FALSE,,3
Identify,PHB,252,1,Divination,TRUE,FALSE,FALSE,FALSE,FALSE,FALSE,FALSE,TRUE,,FALSE,FALSE,FALSE,,,FALSE,,2
Illusory Dragon,XGTE,,8,Illusion,FALSE,FALSE,FALSE,FALSE,FALSE,FALSE,FALSE,TRUE,,FALSE,FALSE,FALSE,,,FALSE,,1
Illusory Script,PHB,252,1,Illusion,TRUE,FALSE,FALSE,FALSE,FALSE,FALSE,TRUE,TRUE,,FALSE,FALSE,FALSE,,,FALSE,,3
Immolation,XGTE,,5,Evocation,FALSE,FALSE,FALSE,FALSE,FALSE,TRUE,FALSE,TRUE,,FALSE,FALSE,FALSE,,,FALSE,,2
Imprisonment,PHB,252,9,Abjuration,FALSE,FALSE,FALSE,FALSE,FALSE,FALSE,TRUE,TRUE,,FALSE,FALSE,FALSE,,,FALSE,,2
Incendiary Cloud,SRD,,8,Conjuration,FALSE,FALSE,FALSE,FALSE,FALSE,TRUE,FALSE,TRUE,,FALSE,FALSE,FALSE,,,FALSE,,2
Infernal Calling,XGTE,158,5,Conjuration,FALSE,FALSE,FALSE,FALSE,FALSE,FALSE,TRUE,TRUE,,FALSE,FALSE,FALSE,,,FALSE,,2
Infestation,XGTE,158,0,Conjuration,FALSE,FALSE,TRUE,FALSE,FALSE,TRUE,TRUE,TRUE,,FALSE,FALSE,FALSE,,,FALSE,,4
Inflict Wounds,SRD,,1,Necromancy,FALSE,TRUE,FALSE,FALSE,FALSE,FALSE,FALSE,FALSE,,FALSE,FALSE,FALSE,,,FALSE,,1
Insect Plague,PHB,254,5,Conjuration,FALSE,TRUE,TRUE,FALSE,FALSE,TRUE,FALSE,FALSE,,FALSE,FALSE,FALSE,,,FALSE,,3
Investiture of Flame,XGTE,,6,Transmutation,FALSE,FALSE,TRUE,FALSE,FALSE,TRUE,TRUE,TRUE,,FALSE,FALSE,FALSE,,,FALSE,,4
Investiture of Ice,XGTE,,6,Transmutation,FALSE,FALSE,TRUE,FALSE,FALSE,TRUE,TRUE,TRUE,,FALSE,FALSE,FALSE,,,FALSE,,4
Investiture of Stone,XGTE,,6,Transmutation,FALSE,FALSE,TRUE,FALSE,FALSE,TRUE,TRUE,TRUE,,FALSE,FALSE,FALSE,,,FALSE,,4
Investiture of Wind,XGTE,,6,Transmutation,FALSE,FALSE,TRUE,FALSE,FALSE,TRUE,TRUE,TRUE,,FALSE,FALSE,FALSE,,,FALSE,,4
Invisibility,PHB,254,2,Illusion,TRUE,FALSE,FALSE,FALSE,FALSE,TRUE,TRUE,TRUE,,FALSE,FALSE,FALSE,,,FALSE,,4
Invulnerability,XGTE,160,9,Illusion,TRUE,FALSE,FALSE,FALSE,FALSE,FALSE,TRUE,TRUE,,FALSE,FALSE,FALSE,,,FALSE,,3
Irresistible Dance,SRD,,6,Enchantment,TRUE,FALSE,FALSE,FALSE,FALSE,FALSE,FALSE,TRUE,,FALSE,FALSE,FALSE,,,FALSE,,2
Jump,PHB,254,1,Abjuration,FALSE,FALSE,TRUE,FALSE,TRUE,TRUE,FALSE,TRUE,,FALSE,FALSE,FALSE,,,FALSE,,4
Knock,SRD,,2,Transmutation,TRUE,FALSE,FALSE,FALSE,FALSE,TRUE,FALSE,TRUE,,FALSE,FALSE,FALSE,,,FALSE,,3
Legend Lore,PHB,254,5,Divination,TRUE,TRUE,FALSE,FALSE,FALSE,FALSE,FALSE,TRUE,,FALSE,FALSE,FALSE,,,FALSE,,3
Leomund's Secret Chest,PHB,254,4,Conjuration,FALSE,FALSE,FALSE,FALSE,FALSE,FALSE,FALSE,TRUE,,FALSE,FALSE,FALSE,,,FALSE,,1
Leomund's Tiny Hut,PHB,255,3,Evocation,TRUE,FALSE,FALSE,FALSE,FALSE,FALSE,FALSE,TRUE,,FALSE,FALSE,FALSE,,,FALSE,,2
Lesser Restoration,SRD,,2,Abjuration,TRUE,TRUE,TRUE,TRUE,TRUE,FALSE,FALSE,FALSE,,FALSE,FALSE,FALSE,,,TRUE,,5
Levitate,PHB,255,2,Transmutation,FALSE,FALSE,FALSE,FALSE,FALSE,TRUE,FALSE,TRUE,,FALSE,FALSE,FALSE,,,FALSE,,2
Life Transference,XGTE,,3,Necromancy,FALSE,TRUE,FALSE,FALSE,FALSE,FALSE,FALSE,TRUE,,FALSE,FALSE,FALSE,,,FALSE,,2
Lightning Arrow,PHB,,3,Transmutation,FALSE,FALSE,FALSE,FALSE,TRUE,FALSE,FALSE,FALSE,,TRUE,FALSE,TRUE,FALSE,,FALSE,,1
Lightning Bolt,PHB,255,3,Evocation,FALSE,FALSE,FALSE,FALSE,FALSE,TRUE,FALSE,TRUE,,FALSE,FALSE,FALSE,,,FALSE,,2
Lightning Lure,SCAG,,0,Evocation,FALSE,FALSE,FALSE,FALSE,FALSE,TRUE,TRUE,TRUE,,FALSE,FALSE,FALSE,,,FALSE,,3
Locate Animals or Plants,PHB,256,2,Divination,TRUE,FALSE,TRUE,FALSE,TRUE,FALSE,FALSE,FALSE,,FALSE,FALSE,FALSE,,,FALSE,,3
Locate Creature,PHB,256,4,Divination,TRUE,TRUE,TRUE,TRUE,TRUE,FALSE,FALSE,TRUE,,FALSE,FALSE,FALSE,TRUE,,TRUE,,6
Locate Object,PHB,256,2,Divination,TRUE,TRUE,TRUE,TRUE,TRUE,FALSE,FALSE,TRUE,,FALSE,FALSE,FALSE,TRUE,,TRUE,,6
Longstrider,PHB,256,1,Transmutation,TRUE,FALSE,TRUE,FALSE,TRUE,FALSE,FALSE,TRUE,,FALSE,FALSE,FALSE,TRUE,,FALSE,,
Maddening Darkness,XGTE,160,8,Evocation,FALSE,FALSE,FALSE,FALSE,FALSE,FALSE,TRUE,TRUE,,FALSE,FALSE,FALSE,,,FALSE,,2
Maelstrom,EEPC,19,5,Evocation,FALSE,FALSE,TRUE,FALSE,FALSE,FALSE,FALSE,FALSE,,FALSE,FALSE,FALSE,,,FALSE,,1
Mage Armor,PHB,256,1,Abjuration,FALSE,FALSE,FALSE,FALSE,FALSE,TRUE,FALSE,TRUE,,FALSE,FALSE,FALSE,,,FALSE,,2
Mage Hand,SRD,,0,Conjuration,TRUE,FALSE,FALSE,FALSE,FALSE,TRUE,TRUE,TRUE,,FALSE,FALSE,FALSE,,,FALSE,,4
Magic Circle,PHB,256,3,Abjuration,FALSE,TRUE,FALSE,TRUE,FALSE,FALSE,TRUE,TRUE,,FALSE,FALSE,FALSE,FALSE,,FALSE,,4
Magic Jar,PHB,257,6,Necromancy,FALSE,FALSE,FALSE,FALSE,FALSE,FALSE,FALSE,TRUE,,FALSE,FALSE,FALSE,,,FALSE,,1
Magic Missile,SRD,,1,Evocation,FALSE,FALSE,FALSE,FALSE,FALSE,TRUE,FALSE,TRUE,,FALSE,FALSE,FALSE,,,FALSE,,2
Magic Mouth,PHB,257,2,Illusion,TRUE,FALSE,FALSE,FALSE,FALSE,FALSE,FALSE,TRUE,,FALSE,FALSE,FALSE,,,FALSE,,2
Magic Stone,XGTE,,0,Transmutation,FALSE,FALSE,TRUE,FALSE,FALSE,FALSE,TRUE,FALSE,,FALSE,FALSE,FALSE,,,FALSE,,2
Magic Weapon,SRD,,2,Transmutation,FALSE,FALSE,FALSE,TRUE,FALSE,FALSE,FALSE,TRUE,,FALSE,FALSE,FALSE,FALSE,,FALSE,,2
Major Image,PHB,258,3,Illusion,TRUE,FALSE,FALSE,FALSE,FALSE,TRUE,TRUE,TRUE,,FALSE,FALSE,FALSE,,,FALSE,,4
Mass Cure Wounds,SRD,,5,Evocation,TRUE,TRUE,TRUE,FALSE,FALSE,FALSE,FALSE,FALSE,,FALSE,FALSE,FALSE,,,FALSE,,3
Mass Heal,SRD,,9,Evocation,FALSE,TRUE,FALSE,FALSE,FALSE,FALSE,FALSE,FALSE,,FALSE,FALSE,FALSE,,,FALSE,,1
Mass Healing Word,SRD,,3,Evocation,FALSE,TRUE,FALSE,FALSE,FALSE,FALSE,FALSE,FALSE,,FALSE,FALSE,FALSE,,,FALSE,,1
Mass Polymorph,XGTE,,,Transmutation,TRUE,FALSE,FALSE,FALSE,FALSE,TRUE,FALSE,TRUE,,FALSE,FALSE,FALSE,,,FALSE,,3
Mass Suggestion,PHB,279,6,Enchantment,TRUE,FALSE,FALSE,FALSE,FALSE,TRUE,TRUE,TRUE,,FALSE,FALSE,FALSE,,,FALSE,,4
Maximilian's Earthen Grasp,EEPC,19,2,Transmutation,FALSE,FALSE,FALSE,FALSE,FALSE,TRUE,FALSE,TRUE,,FALSE,FALSE,FALSE,,,FALSE,,2
Maze,SRD,,8,Conjuration,FALSE,FALSE,FALSE,FALSE,FALSE,FALSE,FALSE,TRUE,,FALSE,FALSE,FALSE,,,FALSE,,1
Meld into Stone,SRD,,3,Transmutation,FALSE,TRUE,TRUE,FALSE,FALSE,FALSE,FALSE,FALSE,,FALSE,FALSE,FALSE,,,FALSE,,2
Melf's Acid Arrow,PHB,259,2,Evocation,FALSE,FALSE,FALSE,FALSE,FALSE,FALSE,FALSE,TRUE,,FALSE,FALSE,FALSE,,,FALSE,,1
Melf's Minute Meteors,EEPC,19,3,Evocation,FALSE,FALSE,FALSE,FALSE,FALSE,TRUE,FALSE,TRUE,,FALSE,FALSE,FALSE,,,FALSE,,2
Mending,PHB,259,0,Transmutation,TRUE,TRUE,TRUE,FALSE,FALSE,TRUE,FALSE,TRUE,,FALSE,FALSE,FALSE,,,FALSE,,5
Mental Prison,XGTE,,6,Illusion,FALSE,FALSE,FALSE,FALSE,FALSE,TRUE,TRUE,TRUE,,FALSE,FALSE,FALSE,,,FALSE,,3
Message,PHB,259,0,Transmutation,TRUE,FALSE,FALSE,FALSE,FALSE,TRUE,FALSE,TRUE,,FALSE,FALSE,FALSE,,,FALSE,,3
Meteor Swarm,SRD,,9,Evocation,FALSE,FALSE,FALSE,FALSE,FALSE,TRUE,FALSE,TRUE,,FALSE,FALSE,FALSE,,,FALSE,,2
Mighty Fortress,XGTE,161,8,Conjuration,FALSE,FALSE,FALSE,FALSE,FALSE,FALSE,FALSE,TRUE,,FALSE,FALSE,FALSE,,,FALSE,,1
Mind Blank,SRD,,8,Abjuration,TRUE,FALSE,FALSE,FALSE,FALSE,FALSE,FALSE,TRUE,,FALSE,FALSE,FALSE,,,FALSE,,2
Mind Spike,XGTE,,2,Divination,FALSE,FALSE,FALSE,FALSE,FALSE,TRUE,TRUE,TRUE,,FALSE,FALSE,FALSE,,,FALSE,,3
Minor Illusion,PHB,260,0,Illusion,TRUE,FALSE,FALSE,FALSE,FALSE,TRUE,TRUE,TRUE,,FALSE,FALSE,FALSE,,,FALSE,,4
Mirage Arcane,SRD,,7,Illusion,TRUE,FALSE,TRUE,FALSE,FALSE,FALSE,FALSE,TRUE,,FALSE,FALSE,FALSE,,,FALSE,,3
Mirror Image,SRD,,2,Illusion,FALSE,FALSE,FALSE,FALSE,FALSE,TRUE,TRUE,TRUE,,FALSE,FALSE,FALSE,,,FALSE,,3
Mislead,SRD,,5,Illusion,TRUE,FALSE,FALSE,FALSE,FALSE,FALSE,FALSE,TRUE,,FALSE,FALSE,FALSE,,,FALSE,,2
Misty Step,SRD,,2,Conjuration,FALSE,FALSE,FALSE,FALSE,FALSE,TRUE,TRUE,TRUE,,FALSE,FALSE,FALSE,,,FALSE,,3
Modify Memory,SRD,,5,Enchantment,TRUE,FALSE,FALSE,FALSE,FALSE,FALSE,FALSE,TRUE,,FALSE,FALSE,FALSE,,,FALSE,,2
Mold Earth,XGTE,,0,Transmutation,FALSE,FALSE,TRUE,FALSE,FALSE,TRUE,FALSE,TRUE,,FALSE,FALSE,FALSE,,,FALSE,,3
Moonbeam,PHB,261,2,Evocation,FALSE,FALSE,TRUE,FALSE,FALSE,FALSE,FALSE,FALSE,,FALSE,FALSE,FALSE,,,FALSE,,1
Mordenkainen's Faithful Hound,PHB,261,4,Conjuration,FALSE,FALSE,FALSE,FALSE,FALSE,FALSE,FALSE,TRUE,,FALSE,FALSE,FALSE,,,FALSE,,1
Mordenkainen's Magnificent Mansion,PHB,261,7,Conjuration,TRUE,FALSE,FALSE,FALSE,FALSE,FALSE,FALSE,TRUE,,FALSE,FALSE,FALSE,,,FALSE,,2
Mordenkainen's Private Sanctum,PHB,262,4,Abjuration,FALSE,FALSE,FALSE,FALSE,FALSE,FALSE,FALSE,TRUE,,FALSE,FALSE,FALSE,,,FALSE,,1
Mordenkainen's Sword,PHB,262,7,Evocation,TRUE,FALSE,FALSE,FALSE,FALSE,FALSE,FALSE,TRUE,,FALSE,FALSE,FALSE,,,FALSE,,2
Move Earth,PHB,263,6,Transmutation,FALSE,FALSE,TRUE,FALSE,FALSE,TRUE,FALSE,TRUE,,FALSE,FALSE,FALSE,,,FALSE,,3
Negative Energy Flood,XGTE,163,5,Necromancy,FALSE,FALSE,FALSE,FALSE,FALSE,FALSE,TRUE,TRUE,,FALSE,FALSE,FALSE,,,FALSE,,2
Nondetection,PHB,263,3,Abjuration,TRUE,FALSE,FALSE,FALSE,TRUE,FALSE,FALSE,TRUE,,FALSE,FALSE,FALSE,,,FALSE,,3
Nystul's Magic Aura,PHB,263,2,Illusion,FALSE,FALSE,FALSE,FALSE,FALSE,FALSE,FALSE,TRUE,,FALSE,FALSE,FALSE,,,FALSE,,1
Otiluke's Freezing Sphere,PHB,263,6,Evocation,FALSE,FALSE,FALSE,FALSE,FALSE,FALSE,FALSE,TRUE,,FALSE,FALSE,FALSE,,,FALSE,,1
Otiluke's Resilient Sphere,PHB,264,4,Evocation,FALSE,FALSE,FALSE,FALSE,FALSE,FALSE,FALSE,TRUE,,FALSE,FALSE,FALSE,,,FALSE,,1
Pass without Trace,PHB,264,2,Abjuration,FALSE,FALSE,TRUE,FALSE,TRUE,FALSE,FALSE,FALSE,,FALSE,TRUE,TRUE,TRUE,,FALSE,,2
Passwall,PHB,264,5,Transmutation,FALSE,FALSE,FALSE,FALSE,FALSE,FALSE,FALSE,TRUE,,FALSE,FALSE,FALSE,,,FALSE,,1
Phantasmal Force,PHB,264,2,Illusion,TRUE,FALSE,FALSE,FALSE,FALSE,TRUE,FALSE,TRUE,,FALSE,FALSE,FALSE,,,FALSE,,3
Phantasmal Killer,SRD,,4,Illusion,FALSE,FALSE,FALSE,FALSE,FALSE,FALSE,FALSE,TRUE,,FALSE,FALSE,FALSE,,,FALSE,,1
Phantom Steed,SRD,,3,Illusion,FALSE,FALSE,FALSE,FALSE,FALSE,FALSE,FALSE,TRUE,,FALSE,FALSE,FALSE,,,FALSE,,1
Planar Ally,SRD,,6,Conjuration,FALSE,TRUE,FALSE,FALSE,FALSE,FALSE,FALSE,FALSE,,FALSE,FALSE,FALSE,,,FALSE,,1
Planar Binding,PHB,265,5,Abjuration,TRUE,TRUE,TRUE,FALSE,FALSE,FALSE,FALSE,TRUE,,FALSE,FALSE,FALSE,,,FALSE,,4
Plane Shift,PHB,266,7,Conjuration,FALSE,TRUE,TRUE,FALSE,FALSE,TRUE,TRUE,TRUE,,FALSE,FALSE,FALSE,,,FALSE,,5
Plant Growth,SRD,,3,Transmutation,TRUE,FALSE,TRUE,FALSE,TRUE,FALSE,FALSE,FALSE,,FALSE,FALSE,FALSE,,,FALSE,,3
Poison Spray,SRD,,0,Conjuration,FALSE,FALSE,TRUE,FALSE,FALSE,TRUE,TRUE,TRUE,,FALSE,FALSE,FALSE,,,FALSE,,4
Polymorph,PHB,266,4,Transmutation,TRUE,FALSE,TRUE,FALSE,FALSE,TRUE,FALSE,TRUE,,FALSE,FALSE,FALSE,,,FALSE,,4
Power Word Heal,PHB,,9,Evocation,TRUE,FALSE,FALSE,FALSE,FALSE,FALSE,FALSE,FALSE,,FALSE,FALSE,FALSE,,,FALSE,,1
Power Word Kill,SRD,,9,Enchantment,TRUE,FALSE,FALSE,FALSE,FALSE,TRUE,TRUE,TRUE,,FALSE,FALSE,FALSE,,,FALSE,,4
Power Word Pain,XGTE,,7,Enchantment,FALSE,FALSE,FALSE,FALSE,FALSE,TRUE,TRUE,TRUE,,FALSE,FALSE,FALSE,,,FALSE,,3
Power Word Stun,SRD,,8,Enchantment,TRUE,FALSE,FALSE,FALSE,FALSE,TRUE,TRUE,TRUE,,FALSE,FALSE,FALSE,,,FALSE,,4
Prayer of Healing,SRD,,2,Evocation,FALSE,TRUE,FALSE,FALSE,FALSE,FALSE,FALSE,FALSE,,FALSE,FALSE,FALSE,,,FALSE,,1
Prestidigitation,SRD,,0,Transmutation,TRUE,FALSE,FALSE,FALSE,FALSE,TRUE,TRUE,TRUE,,FALSE,FALSE,FALSE,,,FALSE,,4
Primal Savagery,XGTE,,0,Transmutation,FALSE,FALSE,TRUE,FALSE,FALSE,FALSE,FALSE,FALSE,,FALSE,FALSE,FALSE,,,FALSE,,1
Primordial Ward,XGTE,,6,Abjuration,FALSE,FALSE,TRUE,FALSE,FALSE,FALSE,FALSE,FALSE,,FALSE,FALSE,FALSE,,,FALSE,,1
Prismatic Spray,SRD,,7,Evocation,FALSE,FALSE,FALSE,FALSE,FALSE,TRUE,FALSE,TRUE,,FALSE,FALSE,FALSE,,,FALSE,,2
Prismatic Wall,SRD,,9,Abjuration,FALSE,FALSE,FALSE,FALSE,FALSE,FALSE,FALSE,TRUE,,FALSE,FALSE,FALSE,,,FALSE,,1
Produce Flame,SRD,,0,Conjuration,FALSE,FALSE,TRUE,FALSE,FALSE,FALSE,FALSE,FALSE,,FALSE,FALSE,FALSE,,,FALSE,,1
Programmed Illusion,PHB,269,6,Illusion,TRUE,FALSE,FALSE,FALSE,FALSE,FALSE,FALSE,TRUE,,FALSE,FALSE,FALSE,,,FALSE,,2
Project Image,PHB,270,7,Illusion,TRUE,FALSE,FALSE,FALSE,FALSE,FALSE,FALSE,TRUE,,FALSE,FALSE,FALSE,,,FALSE,,2
Protection from Energy,SRD,,3,Abjuration,FALSE,TRUE,TRUE,FALSE,TRUE,TRUE,FALSE,TRUE,,FALSE,FALSE,FALSE,,,FALSE,,5
Protection from Evil/Good,PHB,270,1,Abjuration,FALSE,TRUE,FALSE,TRUE,FALSE,FALSE,TRUE,TRUE,,FALSE,FALSE,FALSE,FALSE,,FALSE,,4
Protection from Poison,SRD,,2,Abjuration,FALSE,TRUE,TRUE,TRUE,TRUE,FALSE,FALSE,FALSE,,FALSE,FALSE,FALSE,,,TRUE,,4
Psychic Scream,XGTE,,9,Enchantment,TRUE,FALSE,FALSE,FALSE,FALSE,TRUE,TRUE,TRUE,,FALSE,FALSE,FALSE,,,FALSE,,4
Purify Food and Drink,SRD,,1,Transmutation,FALSE,TRUE,TRUE,TRUE,FALSE,FALSE,FALSE,FALSE,,FALSE,FALSE,FALSE,,,FALSE,,3
Pyrotechnics,XGTE,,2,Transmutation,TRUE,FALSE,FALSE,FALSE,FALSE,TRUE,FALSE,TRUE,,FALSE,FALSE,FALSE,,,FALSE,,3
Raise Dead,PHB,270,5,Necromancy,TRUE,TRUE,FALSE,TRUE,FALSE,FALSE,FALSE,FALSE,,FALSE,FALSE,FALSE,,,FALSE,,3
Rary's Telepathic Bond,PHB,270,5,Divination,FALSE,FALSE,FALSE,FALSE,FALSE,FALSE,FALSE,TRUE,,FALSE,FALSE,FALSE,,,FALSE,,1
Ray of Enfeeblement,SRD,,2,Necromancy,FALSE,FALSE,FALSE,FALSE,FALSE,FALSE,TRUE,TRUE,,FALSE,FALSE,FALSE,,,FALSE,,2
Ray of Frost,SRD,,0,Evocation,FALSE,FALSE,FALSE,FALSE,FALSE,TRUE,FALSE,TRUE,,FALSE,FALSE,FALSE,,,FALSE,,2
Ray of Sickness,PHB,,1,Necromancy,FALSE,FALSE,FALSE,FALSE,FALSE,TRUE,TRUE,FALSE,,FALSE,FALSE,FALSE,,,FALSE,,2
Regenerate,PHB,271,7,Transmutation,TRUE,TRUE,TRUE,FALSE,FALSE,FALSE,FALSE,FALSE,,FALSE,FALSE,FALSE,,,FALSE,,3
Reincarnate,PHB,271,5,Transmutation,FALSE,FALSE,TRUE,FALSE,FALSE,FALSE,FALSE,FALSE,,FALSE,FALSE,FALSE,,,FALSE,,1
Remove Curse,SRD,,3,Abjuration,FALSE,TRUE,FALSE,TRUE,FALSE,FALSE,TRUE,TRUE,,FALSE,FALSE,FALSE,FALSE,,FALSE,,4
Resistance,PHB,272,0,Abjuration,FALSE,TRUE,TRUE,FALSE,FALSE,FALSE,FALSE,FALSE,,FALSE,FALSE,FALSE,,,FALSE,,2
Resurrection,PHB,272,7,Necromancy,TRUE,TRUE,FALSE,FALSE,FALSE,FALSE,FALSE,FALSE,,FALSE,FALSE,FALSE,,,FALSE,,2
Reverse Gravity,PHB,272,7,Transmutation,FALSE,FALSE,TRUE,FALSE,FALSE,TRUE,FALSE,TRUE,,FALSE,FALSE,FALSE,,,FALSE,,3
Revivify,PHB,272,3,Conjuration,FALSE,TRUE,FALSE,TRUE,FALSE,FALSE,FALSE,FALSE,,FALSE,FALSE,FALSE,,,FALSE,,2
Rope Trick,PHB,272,2,Transmutation,FALSE,FALSE,FALSE,FALSE,FALSE,FALSE,FALSE,TRUE,,FALSE,FALSE,FALSE,,,FALSE,,1
Sacred Flame,SRD,,0,Evocation,FALSE,TRUE,FALSE,FALSE,FALSE,FALSE,FALSE,FALSE,,FALSE,FALSE,FALSE,,,FALSE,,1
Sanctuary,PHB,272,1,Abjuration,FALSE,TRUE,FALSE,FALSE,FALSE,FALSE,FALSE,FALSE,,FALSE,FALSE,FALSE,,,FALSE,,1
Scatter,XGTE,,6,Conjuration,FALSE,FALSE,FALSE,FALSE,FALSE,TRUE,TRUE,TRUE,,FALSE,FALSE,FALSE,,,FALSE,,3
Scorching Ray,SRD,,2,Evocation,FALSE,FALSE,FALSE,FALSE,FALSE,TRUE,FALSE,TRUE,,FALSE,FALSE,FALSE,,,FALSE,,2
Scrying,PHB,273,5,Divination,TRUE,TRUE,TRUE,FALSE,FALSE,FALSE,TRUE,TRUE,,FALSE,FALSE,FALSE,,,FALSE,,5
Searing Smite,PHB,,1,Evocation,FALSE,FALSE,FALSE,TRUE,FALSE,FALSE,FALSE,FALSE,,FALSE,FALSE,FALSE,,,FALSE,,1
See Invisibility,PHB,274,2,Divination,TRUE,FALSE,FALSE,FALSE,FALSE,TRUE,FALSE,TRUE,,FALSE,FALSE,FALSE,,,FALSE,,3
Seeming,SRD,,5,Illusion,TRUE,FALSE,FALSE,FALSE,FALSE,TRUE,FALSE,TRUE,,FALSE,FALSE,FALSE,,,FALSE,,3
Sending,PHB,274,3,Evocation,TRUE,TRUE,FALSE,FALSE,FALSE,FALSE,FALSE,TRUE,,FALSE,FALSE,FALSE,,,FALSE,,3
Sequester,PHB,274,7,Transmutation,FALSE,FALSE,FALSE,FALSE,FALSE,FALSE,FALSE,TRUE,,FALSE,FALSE,FALSE,,,FALSE,,1
Shadow Blade,XGTE,,2,Illusion,FALSE,FALSE,FALSE,FALSE,FALSE,TRUE,TRUE,TRUE,,FALSE,FALSE,FALSE,,,FALSE,,3
Shadow of Moil,XGTE,164,4,Necromancy,FALSE,FALSE,FALSE,FALSE,FALSE,FALSE,TRUE,FALSE,,FALSE,FALSE,FALSE,,,FALSE,,1
Shape Water,XGTE,,0,Transmutation,FALSE,FALSE,TRUE,FALSE,FALSE,TRUE,FALSE,TRUE,,FALSE,FALSE,FALSE,,,FALSE,,3
Shapechange,PHB,274,9,Transmutation,FALSE,FALSE,TRUE,FALSE,FALSE,FALSE,FALSE,TRUE,,FALSE,FALSE,FALSE,,,FALSE,,2
Shatter,PHB,275,2,Evocation,TRUE,FALSE,FALSE,FALSE,FALSE,TRUE,TRUE,TRUE,,FALSE,FALSE,FALSE,,,FALSE,,4
Shield,SRD,,1,Abjuration,FALSE,FALSE,FALSE,FALSE,FALSE,TRUE,FALSE,TRUE,,FALSE,FALSE,FALSE,,,FALSE,,2
Shield of Faith,PHB,275,1,Abjuration,FALSE,TRUE,FALSE,TRUE,FALSE,FALSE,FALSE,FALSE,,FALSE,FALSE,FALSE,,,FALSE,,2
Shillelagh,PHB,275,0,Transmutation,FALSE,FALSE,TRUE,FALSE,FALSE,FALSE,FALSE,FALSE,,FALSE,FALSE,FALSE,,,FALSE,,1
Shocking Grasp,SRD,,0,Evocation,FALSE,FALSE,FALSE,FALSE,FALSE,TRUE,FALSE,TRUE,,FALSE,FALSE,FALSE,,,FALSE,,2
Sickening Radiance,XGTE,,4,Evocation,FALSE,FALSE,FALSE,FALSE,FALSE,TRUE,TRUE,TRUE,,FALSE,FALSE,FALSE,,,FALSE,,3
Silence,SRD,,2,Illusion,TRUE,TRUE,FALSE,FALSE,TRUE,FALSE,FALSE,FALSE,,FALSE,FALSE,FALSE,,,FALSE,,3
Silent Image,PHB,276,1,Illusion,TRUE,FALSE,FALSE,FALSE,FALSE,TRUE,FALSE,TRUE,,FALSE,FALSE,FALSE,,,FALSE,,3
Simulacrum,PHB,276,7,Illusion,FALSE,FALSE,FALSE,FALSE,FALSE,FALSE,FALSE,TRUE,,FALSE,FALSE,FALSE,,,FALSE,,1
Skill Empowerment,XGTE,,5,Transmutation,TRUE,FALSE,FALSE,FALSE,FALSE,TRUE,FALSE,TRUE,,FALSE,FALSE,FALSE,,,FALSE,,3
Skywrite,XGTE,,2,Transmutation,TRUE,FALSE,TRUE,FALSE,FALSE,FALSE,FALSE,TRUE,,FALSE,FALSE,FALSE,,,FALSE,,3
Sleep,PHB,276,1,Enchantment,TRUE,FALSE,FALSE,FALSE,FALSE,TRUE,FALSE,TRUE,,FALSE,FALSE,FALSE,,,FALSE,,3
Sleet Storm,PHB,276,3,Conjuration,FALSE,FALSE,TRUE,FALSE,FALSE,TRUE,FALSE,TRUE,,FALSE,FALSE,FALSE,,,FALSE,,3
Slow,PHB,277,3,Transmutation,FALSE,FALSE,FALSE,FALSE,FALSE,TRUE,FALSE,TRUE,,FALSE,FALSE,FALSE,,,FALSE,,2
Snare,XGTE,,,Abjuration,FALSE,FALSE,TRUE,FALSE,TRUE,FALSE,FALSE,TRUE,,FALSE,FALSE,FALSE,,,FALSE,,3
Snilloc's Snowball Swarm,EEPC,21,2,Evocation,FALSE,FALSE,FALSE,FALSE,FALSE,TRUE,FALSE,TRUE,,FALSE,FALSE,FALSE,,,FALSE,,2
"Snilloc's Snowball Swarm(or as Rock Chip, white)",EEPC,21,2,Evocation,FALSE,FALSE,FALSE,FALSE,FALSE,TRUE,FALSE,TRUE,,FALSE,FALSE,FALSE,,,FALSE,,2
Soul Cage,XGTE,165,6,Necromancy,FALSE,FALSE,FALSE,FALSE,FALSE,FALSE,TRUE,TRUE,,FALSE,FALSE,FALSE,,,FALSE,,2
Spare the Dying,SRD,,0,Necromancy,FALSE,TRUE,FALSE,FALSE,FALSE,FALSE,FALSE,FALSE,,FALSE,FALSE,FALSE,,,FALSE,,1
Speak with Animals,SRD,,1,Divination,TRUE,FALSE,TRUE,FALSE,TRUE,FALSE,FALSE,FALSE,,FALSE,FALSE,FALSE,,,FALSE,,3
Speak with Dead,PHB,277,3,Necromancy,TRUE,TRUE,FALSE,FALSE,FALSE,FALSE,FALSE,FALSE,,FALSE,FALSE,FALSE,,,FALSE,,2
Speak with Plants,SRD,,3,Transmutation,TRUE,FALSE,TRUE,FALSE,TRUE,FALSE,FALSE,FALSE,,FALSE,FALSE,FALSE,,,FALSE,,3
Spider Climb,PHB,277,2,Transmutation,FALSE,FALSE,FALSE,FALSE,FALSE,TRUE,TRUE,TRUE,,FALSE,FALSE,FALSE,,,FALSE,,3
Spike Growth,PHB,277,2,Transmutation,FALSE,FALSE,TRUE,FALSE,TRUE,FALSE,FALSE,FALSE,,FALSE,TRUE,TRUE,TRUE,,FALSE,,2
Spirit Guardians,PHB,278,3,Conjuration,FALSE,TRUE,FALSE,FALSE,FALSE,FALSE,FALSE,FALSE,,FALSE,FALSE,FALSE,,,FALSE,,1
Spiritual Weapon,SRD,,2,Evocation,FALSE,TRUE,FALSE,FALSE,FALSE,FALSE,FALSE,FALSE,,FALSE,FALSE,FALSE,,,FALSE,,1
Staggering Smite,PHB,,4,Evocation,FALSE,FALSE,FALSE,TRUE,FALSE,FALSE,FALSE,FALSE,,FALSE,FALSE,FALSE,,,FALSE,,1
Steel Wind Strike,XGTE,166,5,Conjuration,FALSE,FALSE,FALSE,FALSE,TRUE,FALSE,FALSE,TRUE,,FALSE,FALSE,FALSE,,,FALSE,,2
Stinking Cloud,PHB,278,3,Conjuration,TRUE,FALSE,FALSE,FALSE,FALSE,TRUE,FALSE,TRUE,,FALSE,FALSE,FALSE,,,FALSE,,3
Stone Shape,PHB,278,4,Transmutation,FALSE,TRUE,TRUE,FALSE,FALSE,FALSE,FALSE,TRUE,,FALSE,FALSE,FALSE,,,FALSE,,3
Stoneskin,PHB,278,4,Transmutation,FALSE,FALSE,TRUE,FALSE,TRUE,TRUE,FALSE,TRUE,,FALSE,FALSE,FALSE,,,FALSE,,4
Storm of Vengeance,SRD,,9,Conjuration,FALSE,FALSE,TRUE,FALSE,FALSE,FALSE,FALSE,FALSE,,FALSE,FALSE,FALSE,,,FALSE,,1
Storm Sphere,XGTE,,4,Evocation,FALSE,FALSE,FALSE,FALSE,FALSE,TRUE,FALSE,TRUE,,FALSE,FALSE,FALSE,,,FALSE,,2
Suggestion,PHB,279,2,Enchantment,TRUE,FALSE,FALSE,FALSE,FALSE,TRUE,TRUE,TRUE,,FALSE,FALSE,FALSE,,,FALSE,,4
Summon Greater Demon,XGTE,166,4,Conjuration,FALSE,FALSE,FALSE,FALSE,FALSE,FALSE,TRUE,TRUE,,FALSE,FALSE,FALSE,,,FALSE,,2
Summon Lesser Demons,XGTE,167,3,Conjuration,FALSE,FALSE,FALSE,FALSE,FALSE,FALSE,TRUE,TRUE,,FALSE,FALSE,FALSE,,,FALSE,,2
Sunbeam,PHB,279,6,Evocation,FALSE,FALSE,TRUE,FALSE,FALSE,TRUE,FALSE,TRUE,,FALSE,FALSE,FALSE,,,FALSE,,3
Sunburst,PHB,279,8,Evocation,FALSE,FALSE,TRUE,FALSE,FALSE,TRUE,FALSE,TRUE,,FALSE,FALSE,FALSE,,,FALSE,,3
Swift Quiver,PHB,279,5,Transmutation,FALSE,FALSE,FALSE,FALSE,TRUE,FALSE,FALSE,FALSE,,TRUE,FALSE,TRUE,FALSE,,FALSE,,1
Sword Burst,SCAG,,0,Conjuration,FALSE,FALSE,FALSE,FALSE,FALSE,TRUE,TRUE,TRUE,,FALSE,FALSE,FALSE,,,FALSE,,3
Symbol,PHB,280,7,Abjuration,TRUE,TRUE,FALSE,FALSE,FALSE,FALSE,FALSE,TRUE,,FALSE,FALSE,FALSE,,,FALSE,,3
Synaptic Static,XGTE,,5,Enchantment,TRUE,FALSE,FALSE,FALSE,FALSE,TRUE,TRUE,TRUE,,FALSE,FALSE,FALSE,,,FALSE,,4
Tasha's Hideous Laughter,PHB,280,1,Enchantment,TRUE,FALSE,FALSE,FALSE,FALSE,FALSE,FALSE,TRUE,,FALSE,FALSE,FALSE,,,FALSE,,2
Telekinesis,SRD,,5,Transmutation,FALSE,FALSE,FALSE,FALSE,FALSE,TRUE,FALSE,TRUE,,FALSE,FALSE,FALSE,,,FALSE,,2
Telepathy,PHB,281,8,Evocation,FALSE,FALSE,FALSE,FALSE,FALSE,FALSE,FALSE,TRUE,,FALSE,FALSE,FALSE,,,FALSE,,1
Teleport,SRD,,7,Conjuration,TRUE,FALSE,FALSE,FALSE,FALSE,TRUE,FALSE,TRUE,,FALSE,FALSE,FALSE,,,FALSE,,3
Teleportation Circle,PHB,282,5,Conjuration,TRUE,FALSE,FALSE,FALSE,FALSE,TRUE,FALSE,TRUE,,FALSE,FALSE,FALSE,,,FALSE,,3
Temple of the Gods,XGTE,167,7,Conjuration,FALSE,TRUE,FALSE,FALSE,FALSE,FALSE,FALSE,FALSE,,FALSE,FALSE,FALSE,,,FALSE,,1
Tenser's Floating Disk,PHB,282,1,Conjuration,FALSE,FALSE,FALSE,FALSE,FALSE,FALSE,FALSE,TRUE,,FALSE,FALSE,FALSE,,,FALSE,,1
Tenser's Transformation,XGTE,168,6,Transmutation,FALSE,FALSE,FALSE,FALSE,FALSE,FALSE,FALSE,TRUE,,FALSE,FALSE,FALSE,,,FALSE,,1
Thaumaturgy,SRD,,0,Transmutation,FALSE,TRUE,FALSE,FALSE,FALSE,FALSE,FALSE,FALSE,,FALSE,FALSE,FALSE,,,FALSE,,1
Thorn Whip,PHB,282,0,Transmutation,FALSE,FALSE,TRUE,FALSE,FALSE,FALSE,FALSE,FALSE,,FALSE,FALSE,FALSE,,,FALSE,,1
Thunder Step,XGTE,,3,Conjuration,FALSE,FALSE,FALSE,FALSE,FALSE,TRUE,TRUE,TRUE,,FALSE,FALSE,FALSE,,,FALSE,,3
Thunderclap,XGTE,,0,Evocation,TRUE,FALSE,TRUE,FALSE,FALSE,TRUE,TRUE,TRUE,,FALSE,FALSE,FALSE,,,FALSE,,5
Thunderous Smite,PHB,,1,Evocation,FALSE,FALSE,FALSE,TRUE,FALSE,FALSE,FALSE,FALSE,,FALSE,FALSE,FALSE,,,FALSE,,1
Thunderwave,SRD,,1,Evocation,TRUE,FALSE,TRUE,FALSE,FALSE,TRUE,FALSE,TRUE,,FALSE,FALSE,FALSE,,,FALSE,,4
Tidal Wave (EEPC) (XGTE),EEPC,21,3,Conjuration,FALSE,FALSE,TRUE,FALSE,FALSE,TRUE,FALSE,TRUE,,FALSE,FALSE,FALSE,,,FALSE,,3
Time Stop,SRD,,9,Transmutation,FALSE,FALSE,FALSE,FALSE,FALSE,TRUE,FALSE,TRUE,,FALSE,FALSE,FALSE,,,FALSE,,2
Tiny Servant,XGTE,,3,Transmutation,FALSE,FALSE,FALSE,FALSE,FALSE,FALSE,FALSE,TRUE,,FALSE,FALSE,FALSE,,,FALSE,,1
Toll the Dead,XGTE,,0,Necromancy,FALSE,TRUE,FALSE,FALSE,FALSE,FALSE,TRUE,TRUE,,FALSE,FALSE,FALSE,,,FALSE,,3
Tongues,PHB,283,3,Divination,TRUE,TRUE,FALSE,FALSE,FALSE,TRUE,TRUE,TRUE,,FALSE,FALSE,FALSE,,,FALSE,,5
Transmute Rock,EEPC,21,5,Transmutation,FALSE,FALSE,TRUE,FALSE,FALSE,FALSE,FALSE,TRUE,,FALSE,FALSE,FALSE,,,FALSE,,2
Transport via Plants,SRD,,6,Conjuration,FALSE,FALSE,TRUE,FALSE,FALSE,FALSE,FALSE,FALSE,,FALSE,FALSE,FALSE,,,FALSE,,1
Tree Stride,SRD,,5,Conjuration,FALSE,FALSE,TRUE,FALSE,TRUE,FALSE,FALSE,FALSE,,FALSE,TRUE,TRUE,TRUE,,FALSE,,2
True Polymorph,PHB,266,9,Transmutation,TRUE,FALSE,FALSE,FALSE,FALSE,FALSE,TRUE,TRUE,,FALSE,FALSE,FALSE,,,FALSE,,3
True Resurrection,PHB,284,9,Necromancy,FALSE,TRUE,TRUE,FALSE,FALSE,FALSE,FALSE,FALSE,,FALSE,FALSE,FALSE,,,FALSE,,2
True Seeing,PHB,284,6,Divination,TRUE,TRUE,FALSE,FALSE,FALSE,TRUE,TRUE,TRUE,,FALSE,FALSE,FALSE,,,FALSE,,5
True Strike,SRD,,0,Divination,TRUE,FALSE,FALSE,FALSE,FALSE,TRUE,TRUE,TRUE,,FALSE,FALSE,FALSE,,,FALSE,,4
Tsunami,PHB,,8,Conjuration,FALSE,FALSE,TRUE,FALSE,FALSE,FALSE,FALSE,FALSE,,FALSE,FALSE,FALSE,,,FALSE,,1
Unseen Servant,PHB,284,1,Conjuration,TRUE,FALSE,FALSE,FALSE,FALSE,FALSE,TRUE,TRUE,,FALSE,FALSE,FALSE,,,FALSE,,3
Vampiric Touch,SRD,,3,Necromancy,FALSE,FALSE,FALSE,FALSE,FALSE,FALSE,TRUE,TRUE,,FALSE,FALSE,FALSE,,,FALSE,,2
Vicious Mockery,SRD,,0,Enchantment,TRUE,FALSE,FALSE,FALSE,FALSE,FALSE,FALSE,FALSE,,FALSE,FALSE,FALSE,,,FALSE,,1
Vitriolic Sphere,EEPC,22,4,Evocation,FALSE,FALSE,FALSE,FALSE,FALSE,TRUE,FALSE,TRUE,,FALSE,FALSE,FALSE,,,FALSE,,2
Wall of Fire,PHB,285,4,Evocation,FALSE,FALSE,TRUE,FALSE,FALSE,TRUE,FALSE,TRUE,,FALSE,FALSE,FALSE,,,FALSE,,3
Wall of Force,PHB,285,5,Evocation,FALSE,FALSE,FALSE,FALSE,FALSE,FALSE,FALSE,TRUE,,FALSE,FALSE,FALSE,,,FALSE,,1
Wall of Ice,PHB,285,6,Evocation,FALSE,FALSE,FALSE,FALSE,FALSE,FALSE,FALSE,TRUE,,FALSE,FALSE,FALSE,,,FALSE,,1
Wall of Light,XGTE,170,5,Evocation,FALSE,FALSE,FALSE,FALSE,FALSE,TRUE,TRUE,TRUE,,FALSE,FALSE,FALSE,,,FALSE,,3
Wall of Sand,EEPC,22,3,Evocation,FALSE,FALSE,FALSE,FALSE,FALSE,FALSE,FALSE,TRUE,,FALSE,FALSE,FALSE,,,FALSE,,1
Wall of Stone,PHB,287,5,Evocation,FALSE,FALSE,TRUE,FALSE,FALSE,TRUE,FALSE,TRUE,,FALSE,FALSE,FALSE,,,FALSE,,3
Wall of Thorns,PHB,287,6,Conjuration,FALSE,FALSE,TRUE,FALSE,FALSE,FALSE,FALSE,FALSE,,FALSE,FALSE,FALSE,,,FALSE,,1
Wall of Water (EEPC) (XGTE),EEPC,22,3,Evocation,FALSE,FALSE,TRUE,FALSE,FALSE,TRUE,FALSE,TRUE,,FALSE,FALSE,FALSE,,,FALSE,,3
Warding Bond,PHB,287,2,Abjuration,FALSE,TRUE,FALSE,FALSE,FALSE,FALSE,FALSE,FALSE,,FALSE,FALSE,FALSE,,,FALSE,,1
Warding Wind,XGTE,,2,Evocation,TRUE,FALSE,TRUE,FALSE,FALSE,TRUE,FALSE,TRUE,,FALSE,FALSE,FALSE,,,FALSE,,4
Water Breathing,PHB,287,3,Transmutation,FALSE,FALSE,TRUE,FALSE,TRUE,TRUE,FALSE,TRUE,,FALSE,FALSE,FALSE,,,FALSE,,4
Water Walk,PHB,287,3,Transmutation,FALSE,TRUE,TRUE,FALSE,TRUE,TRUE,FALSE,FALSE,,FALSE,FALSE,FALSE,,,FALSE,,4
Watery Sphere,EEPC,22,4,Conjuration,FALSE,FALSE,TRUE,FALSE,FALSE,TRUE,FALSE,TRUE,,FALSE,FALSE,FALSE,,,FALSE,,3
Web,PHB,287,2,Conjuration,FALSE,FALSE,FALSE,FALSE,FALSE,TRUE,FALSE,TRUE,,FALSE,FALSE,FALSE,,,FALSE,,2
Weird,SRD,,9,Illusion,FALSE,FALSE,FALSE,FALSE,FALSE,FALSE,FALSE,TRUE,,FALSE,FALSE,FALSE,,,FALSE,,1
Whirlwind (EEPC) (XGTE),EEPC,23,7,Evocation,FALSE,FALSE,TRUE,FALSE,FALSE,TRUE,FALSE,TRUE,,FALSE,FALSE,FALSE,,,FALSE,,3
Wind Walk,PHB,288,6,Transmutation,FALSE,FALSE,TRUE,FALSE,FALSE,FALSE,FALSE,FALSE,,FALSE,FALSE,FALSE,,,FALSE,,1
Wind Wall,PHB,288,3,Evocation,FALSE,FALSE,TRUE,FALSE,TRUE,FALSE,FALSE,FALSE,,FALSE,TRUE,TRUE,TRUE,,FALSE,,2
Wish,SRD,,9,Conjuration,FALSE,FALSE,FALSE,FALSE,FALSE,TRUE,FALSE,TRUE,,FALSE,FALSE,FALSE,,,FALSE,,2
Witch Bolt,PHB,289,1,Evocation,FALSE,FALSE,FALSE,FALSE,FALSE,TRUE,TRUE,TRUE,,FALSE,FALSE,FALSE,,,FALSE,,3
Word of Radiance,XGTE,171,0,Evocation,FALSE,TRUE,FALSE,FALSE,FALSE,FALSE,FALSE,FALSE,,FALSE,FALSE,FALSE,,,FALSE,,1
Word of Recall,SRD,,6,Conjuration,FALSE,TRUE,FALSE,FALSE,FALSE,FALSE,FALSE,FALSE,,FALSE,FALSE,FALSE,,,FALSE,,1
Wrath of Nature,XGTE,,5,Evocation,FALSE,FALSE,TRUE,FALSE,TRUE,FALSE,FALSE,FALSE,,FALSE,TRUE,TRUE,TRUE,,FALSE,,2
Wrathful Smite,PHB,,1,Evocation,FALSE,FALSE,FALSE,TRUE,FALSE,FALSE,FALSE,FALSE,,FALSE,FALSE,FALSE,,,FALSE,,1
Zephyr Strike,XGTE,,1,Transmutation,FALSE,FALSE,FALSE,FALSE,TRUE,FALSE,FALSE,FALSE,,TRUE,FALSE,TRUE,FALSE,,FALSE,,1
Zone of Truth,SRD,,2,Enchantment,TRUE,TRUE,FALSE,TRUE,FALSE,FALSE,FALSE,FALSE,,FALSE,FALSE,FALSE,,,FALSE,,3
,,,,,,,,,0,0,0,0,0,0,0,0,,,FALSE,,0